{"object":{"uuid":"B6BEBD25-292C-4ECC-9729-2C0233CBC257","objectType":"Scene","name":"Noise Displace - Copy","matrix":[1,0,0,0,0,1,0,0,0,0,1,0,0,0,0,1],"layers":1,"children":[{"uuid":"136EB30F-59F1-4984-9989-B1277D486C9C","objectType":"Mesh3D","name":"Sphere","matrix":[1,0,0,0,0,1,0,0,0,0,1,0,0,-19,0,1],"castShadow":true,"receiveShadow":true,"layers":1,"hiddenMatrix":[1,0,0,0,0,1,0,0,0,0,1,0,0,0,0,1],"interaction":{"uuid":"3E5C41A4-41DD-4799-A2C3-A4ECD1BBE69C","selectedState":0,"states":["4F870DB7-AF1A-4252-AF11-61528D7CA747","C2A354C1-B90E-45BD-898F-BA9994F4D76E"],"events":[{"type":7,"ui":{"isCollapsed":false},"targets":[{"easing":0,"duration":240000,"delay":0,"cubicControls":[0.5,0.05,0.1,0.3],"springParameters":{"mass":1,"stiffness":80,"damping":10,"velocity":0},"repeat":true,"cycle":true,"object":"136EB30F-59F1-4984-9989-B1277D486C9C","state":"C2A354C1-B90E-45BD-898F-BA9994F4D76E"}]}]},"geometry":"B08055B2-7929-4354-A137-A036FA1EA91F","material":"A5A03654-955A-4AD4-880E-44A427FAAA63"},{"uuid":"3B695796-4617-4F45-BF86-E0B33A41DF6B","objectType":"CombinedCamera","name":"Default Camera","matrix":[-1,0,1.225686219186173e-16,0,7.402670734593976e-33,-1,6.039613253960852e-17,0,1.225686219186173e-16,6.039613253960852e-17,1,0,1.2382812500001226,-19.24218749999994,1000,1],"layers":1,"children":[{"uuid":"E3F6D54D-4262-4F48-815D-87A431E15474","type":"DirectionalLight","name":"Default Directional Light","layers":1,"matrix":[1,0,0,0,0,1,0,0,0,0,1,0,850000,1300000,1000000,1],"color":16777215,"intensity":0.75,"shadow":{"camera":{"uuid":"A365B353-F1AA-4566-BF6A-A7B546E473F0","type":"OrthographicCamera","layers":1,"zoom":1,"left":-5,"right":5,"top":5,"bottom":-5,"near":0.5,"far":500}}}],"hiddenMatrix":[1,0,0,0,0,1,0,0,0,0,1,0,0,0,0,1],"interaction":{"uuid":"B2468481-CBDD-4F0F-B576-73B5F8EA49C6"},"enableHelper":false,"cameraType":"OrthographicCamera","targetOffset":1000,"isUpVectorFlipped":true,"angleOffsetFromUp":0,"left":-1680,"right":1680,"top":905,"bottom":-905,"zoomOrtho":1,"nearOrtho":-50000,"far":50000,"aspect":1.856353591160221,"fov":45,"focus":10,"filmGauge":35,"filmOffset":0,"zoomPersp":1,"nearPersp":50},{"uuid":"36878CE4-1A1A-40E5-B27A-7718B3714A24","type":"HemisphereLight","name":"Default Ambient Light","layers":1,"matrix":[1,0,0,0,0,1,0,0,0,0,1,0,0,1,0,1],"color":13882323,"intensity":0.75,"groundColor":8553090}],"activeCamera":"3B695796-4617-4F45-BF86-E0B33A41DF6B","camera":"3B695796-4617-4F45-BF86-E0B33A41DF6B","directionalLight":"E3F6D54D-4262-4F48-815D-87A431E15474","ambientLight":"36878CE4-1A1A-40E5-B27A-7718B3714A24","color":[1,0.5568627450980392,0.9333333333333333],"alpha":1,"directionalLightState":true,"ambientLightState":true,"canvas":{"mode":2,"preset":"crop","editorSize":{"width":3360,"height":1810},"color":[0,0,0,0.5],"size":{"width":800,"height":800}},"postprocessing":{"enabled":false,"bloom":{"enabled":false,"opacity":1,"blendFunction":16,"intensity":1,"luminanceThreshold":0.9,"luminanceSmoothing":0.025,"blurScale":1,"kernelSize":3},"chromaticAberration":{"enabled":false,"opacity":1,"blendFunction":13,"offset":[10,10]},"vignette":{"enabled":false,"opacity":1,"blendFunction":13,"eskil":false,"darkness":0.5,"offset":0.5},"noise":{"enabled":false,"opacity":1,"blendFunction":14},"colorAverage":{"enabled":false,"opacity":1,"blendFunction":13},"hueSaturation":{"enabled":false,"opacity":1,"blendFunction":13,"_hue":0,"hue":0,"saturation":0},"brightnessContrast":{"enabled":false,"opacity":1,"blendFunction":13,"contrast":0,"brightness":0},"depthOfField":{"enabled":false,"opacity":1,"blendFunction":13,"focalLength":0.1,"focusDistance":0,"bokehScale":1},"pixelation":{"enabled":false,"opacity":1,"blendFunction":13,"granularity":30}}},"metadata":{"version":1.5,"type":"Object","generator":"Object3D.toJSON"},"geometries":[{"uuid":"B08055B2-7929-4354-A137-A036FA1EA91F","userData":{"parameters":{"width":680,"widthSegments":128,"heightSegments":128,"phiStart":0,"phiLength":6.283185307179586,"thetaStart":0,"thetaLength":3.141592653589793,"height":680,"depth":680},"type":"SphereGeometry"}}],"materials":[{"uuid":"A5A03654-955A-4AD4-880E-44A427FAAA63","type":"ShaderMaterial","reflectivity":{"uuid":"F3B18C85-EB63-42A4-A841-039507A17DB5","type":"f","value":0.1,"nodeType":"Float"},"transparent":true,"depthFunc":3,"depthTest":true,"depthWrite":true,"colorWrite":true,"stencilWrite":false,"stencilWriteMask":255,"stencilFunc":519,"stencilRef":0,"stencilFuncMask":255,"stencilFail":7680,"stencilZFail":7680,"stencilZPass":7680,"dithering":true,"wireframeLinecap":"","wireframeLinejoin":"","userData":{"type":"PhysicalMaterial","category":"Physical","nodeType":"StandardNodeMaterial","layers":{"id":7,"uuid":"018C83E8-6836-4C16-80DA-BAFE9C327AA6","head":{"id":0,"type":"color","defines":{},"uniforms":{"f0_color":"E91D8499-3C7F-4CEC-B64B-708E2DE16BF5","f0_alpha":"3986C567-6BBD-4D27-B7AB-AADC21FAA0EA","f0_mode":"2C0B0438-1CEB-416A-9947-8FFFAA829FC0"},"next":{"id":1,"type":"light","defines":{},"uniforms":{"f1_alpha":"C86769AA-6AD5-42EB-9E07-09EEAFE996DD","f1_mode":"B04305EB-5D88-4A18-9C7D-293DC261EFC4","f1_roughness":"669303E6-1458-4E97-B52B-F0CA68BE4B69","f1_metalness":"3DBE5EBD-C3F8-4DB6-8501-10A892858BD7","f1_reflectivity":"F3B18C85-EB63-42A4-A841-039507A17DB5"},"next":{"id":2,"type":"displace","defines":{},"uniforms":{"f2_displacementType":"14403A2A-B1E0-44C6-8554-058FF70120B5","f2_offset":"291BCDAE-44B5-44B9-81F9-63F6377A1D54","f2_scale":"2F877E3A-6D10-4A58-AB63-D09414E09AC6","f2_intensity":"6D0C14C9-1E47-4891-AD74-C14E55B480F4","f2_movement":"B7696366-5D44-45BC-9BF0-47D41FC9AAE7","f2_alpha":"7AB3A28E-E172-4219-A7A6-0CC3D9FC12B6","f2_mode":"FFA2990A-B1EB-4164-9CA4-E2408C934EE2","f2_noiseType":"4B4F1A07-179B-4B69-BE96-2A1160D5D5C8"},"next":{"id":3,"type":"depth","defines":{},"uniforms":{"f3_near":"20B548B9-5A6A-4EF4-9341-66A43820C94C","f3_far":"DC41C306-46E3-48E9-AEBF-FC38B6BD3C0A","f3_isVector":"52316F9B-3FDB-440E-A2AE-5F846A068CBF","f3_isWorldSpace":"3E2EC724-B5D3-4E41-BE31-E1DA84D52259","f3_origin":"27F81990-59D7-4465-ACE8-4EC3A384AEF4","f3_colorA":"8E339BF0-023C-4705-BBC3-54281E844422","f3_colorB":"99A0CC46-7179-49DD-8AAD-0F3ED8FFCF0F","f3_alpha":"E64AA842-31A7-4DD4-9CC0-61D8E0EA787C","f3_mode":"EE211BA4-46A9-46E8-B0BB-05D470E71684"},"next":{"id":5,"type":"fresnel","defines":{},"uniforms":{"f5_color":"1280715C-87B4-41B6-BDD4-5FF5E8998FB7","f5_bias":"5936296E-9B79-4714-A88B-718E01D56F1B","f5_scale":"45A58237-CDE6-464A-8002-9B5DEAA151E2","f5_intensity":"7FA43480-02D7-43E3-AD60-6C7540E451B6","f5_factor":"0A14F2C6-D329-479A-AA1A-2C492BB3CB45","f5_alpha":"C820BB68-6356-4C1C-BF30-44F409B33A6C","f5_mode":"914E45D1-492E-4D98-9DF4-E627CCF22ED9"}}}}}}}},"glslVersion":null,"defines":{"STANDARD":1,"USE_LAYER_DISPLACE":1},"extensions":{"derivatives":true,"shaderTextureLOD":true},"vertex":"91B618B2-1F62-4793-8F97-00E9F9CA8B06","fragment":"91B618B2-1F62-4793-8F97-00E9F9CA8B06"}],"interactionStates":[{"uuid":"4F870DB7-AF1A-4252-AF11-61528D7CA747","name":"Base State","position":[0,-19,0],"rotation":[0,0,0,"XYZ"],"scale":[1,1,1],"hiddenMatrix":[1,0,0,0,0,1,0,0,0,0,1,0,0,0,0,1],"geometry":{"width":680,"height":680,"depth":680},"material":{"layersList":[{"id":0,"type":"color","defines":{},"uniforms":{"f0_color":"09452F91-B996-4D8A-9A44-1936474D851F","f0_alpha":"CF8097C8-D0CC-4804-9390-1B86168FC909","f0_mode":"4CDBE029-309F-43B8-BDC7-436F13CE11DD"}},{"id":1,"type":"light","defines":{},"uniforms":{"f1_alpha":"E96217C7-C031-49FA-B2B5-7A8464B50BCC","f1_mode":"FDA395B6-4868-445E-9592-76C30C33A91B","f1_roughness":"BD3A9D65-AD96-4E8B-A4E4-7AFC85FB7EB4","f1_metalness":"1BCAB745-19A9-437D-A18A-10083CA1D6EB","f1_reflectivity":"0B62D0E5-E1CA-4B7E-BDF5-B345037EC73A"}},{"id":2,"type":"displace","defines":{},"uniforms":{"f2_displacementType":"A8CDAD0C-90C2-4B5F-8D18-0B15D3DD87A3","f2_offset":"0EB5E831-3987-4E0E-AB95-5589941F694D","f2_scale":"E84094B0-00A4-49FD-ACDD-43FBEFC69571","f2_intensity":"95F8F0C1-5D3D-481E-848A-CC9DAF4D665B","f2_movement":"71EB657E-3D6A-423B-BA17-ADB8206F0213","f2_alpha":"9E45DC64-12F0-4A7E-9A01-90B718B78445","f2_mode":"C4546F90-FC99-412B-B0D3-96437338BB51","f2_noiseType":"92A08D5B-C14A-4C02-861E-7EA908DAFAAF"}},{"id":3,"type":"depth","defines":{},"uniforms":{"f3_near":"2BFB5C93-7AD2-4001-B726-D6AE89EE44EA","f3_far":"6A5CD771-12A2-4D92-ABA2-78F528E71CF3","f3_isVector":"3EA1F499-AAC5-43BF-847E-D76494E16F11","f3_origin":"B755A5A9-79DD-4104-A360-C29F6F053F2C","f3_colorA":"38E887AF-FA58-4AFE-88B1-09D5BA4AE276","f3_colorB":"69EAD696-F700-429B-8130-1F2C2055F027","f3_alpha":"3AEF5396-0E95-4F36-913F-74281DD00C10","f3_mode":"34846E22-FC1B-4ACC-B8BA-DBF2BA2B2DE3","f3_isWorldSpace":"9716F59D-DD25-4918-A1DE-2C94F1B96874"}},{"id":5,"type":"fresnel","defines":{},"uniforms":{"f5_color":"C136131E-3F1C-4747-B426-AE231092576C","f5_bias":"819B0A8F-2F3E-46FB-927C-003DB328609C","f5_scale":"D587814B-C45E-42B5-AB3B-C02BC9FBB17A","f5_intensity":"A86A5A05-6C15-4EC9-94DD-0A06D15DA827","f5_factor":"94CAD86B-5659-40E7-A455-113ECB93103C","f5_alpha":"49CEAC26-BB06-4544-983E-372E14620860","f5_mode":"7DFD5EF1-E5DE-4FE2-A754-900085AD7820"}}]}},{"uuid":"C2A354C1-B90E-45BD-898F-BA9994F4D76E","name":"State 1","position":[0,-22,0],"rotation":[0,0,0,"XYZ"],"scale":[1,1,1],"hiddenMatrix":[1,0,0,0,0,1,0,0,0,0,1,0,0,0,0,1],"geometry":{"width":680,"height":680,"depth":680},"material":{"layersList":[{"id":0,"type":"color","defines":{},"uniforms":{"f0_color":"C4395415-070C-4578-A7B6-32793603259A","f0_alpha":"8DC866E6-7ADA-43EE-84D7-2BAA8E145603","f0_mode":"CC32B0CF-8558-418F-9DCC-646FC2839E01"}},{"id":1,"type":"light","defines":{},"uniforms":{"f1_alpha":"84B175AC-EF9A-46DA-982D-F5DA73EFD3BA","f1_mode":"6F6E9D57-FB34-4F93-817E-41A4C6D739D4","f1_roughness":"B764D4CA-B157-47F2-83A8-AA7ADB0F0265","f1_metalness":"B93E1F43-3BB8-4738-AAC3-B4AE2A31CC03","f1_reflectivity":"399444B0-8C21-4075-993E-3DE84D5C37BA"}},{"id":2,"type":"displace","defines":{},"uniforms":{"f2_displacementType":"3F28C06F-F11F-4842-95B6-8227DFB3A08A","f2_offset":"89E407E8-4E99-46FE-B7B8-B6CF4F016196","f2_scale":"6D38F36E-A72B-462B-8535-8E8609590629","f2_intensity":"7FB52410-7101-4480-A60E-F6E3C22B6382","f2_movement":"5BE4B64F-7E88-4AF2-9749-E43175DE81F8","f2_alpha":"B1B56710-4CFD-4D4E-8EDA-FD19E47707A5","f2_mode":"F1D4F0C5-8542-4422-8570-5DA519703C8A","f2_noiseType":"F60E0454-1D31-4B50-9B0C-914A67E71EAE"}},{"id":3,"type":"depth","defines":{},"uniforms":{"f3_near":"B7858638-7716-40AA-9503-3D596E219544","f3_far":"6193E3AC-40C1-4648-92D4-8A8DF847FC39","f3_isVector":"36C217AF-7029-4E2E-BB26-4F9CA51FFA61","f3_origin":"7A579840-5494-4D0B-897F-B6AEAD77FD72","f3_colorA":"3308A0C5-0485-4235-B5B4-67CA2460C0ED","f3_colorB":"628AD516-BEB7-4024-B134-2B2AC8F2AB6A","f3_alpha":"A5161112-CC71-4B9E-B1C2-2A951FB2021B","f3_mode":"6146DDBE-339B-4B3F-BD54-F29F58AF5B0C","f3_isWorldSpace":"54F07F4C-0C9F-4BEF-834D-D9029AF039A0"}},{"id":5,"type":"fresnel","defines":{},"uniforms":{"f5_color":"97A12F58-6ECB-4907-A720-1E2CAF827F7C","f5_bias":"C97A8234-72DA-4971-84C1-A5C72F6FAC21","f5_scale":"2DB5D970-6D2A-4C66-BC21-D8C847DB020D","f5_intensity":"5174E8EC-3B8C-47FF-AECA-7324F8DE13A7","f5_factor":"86E3F040-E3F6-4B96-A7C3-214542F39572","f5_alpha":"4C6FFD91-620C-41D2-817D-C1E280C49C70","f5_mode":"38C6C28E-0193-497E-B501-CA2A591B0AF9"}}]}}],"nodes":[{"uuid":"09452F91-B996-4D8A-9A44-1936474D851F","type":"c","r":0.8549019607843137,"g":0.8549019607843137,"b":0.8549019607843137,"value":14342874,"alpha":"A89ACC7D-5D06-484D-B748-030BC3A969A4","nodeType":"Color"},{"uuid":"A89ACC7D-5D06-484D-B748-030BC3A969A4","type":"f","value":1,"nodeType":"Float"},{"uuid":"CF8097C8-D0CC-4804-9390-1B86168FC909","type":"f","value":1,"nodeType":"Float"},{"uuid":"4CDBE029-309F-43B8-BDC7-436F13CE11DD","type":"i","value":0,"nodeType":"Int"},{"uuid":"E96217C7-C031-49FA-B2B5-7A8464B50BCC","type":"f","value":1,"nodeType":"Float"},{"uuid":"FDA395B6-4868-445E-9592-76C30C33A91B","type":"i","value":3,"nodeType":"Int"},{"uuid":"BD3A9D65-AD96-4E8B-A4E4-7AFC85FB7EB4","type":"f","value":0.3,"nodeType":"Float"},{"uuid":"1BCAB745-19A9-437D-A18A-10083CA1D6EB","type":"f","value":0.1,"nodeType":"Float"},{"uuid":"0B62D0E5-E1CA-4B7E-BDF5-B345037EC73A","type":"f","value":0.1,"nodeType":"Float"},{"uuid":"A8CDAD0C-90C2-4B5F-8D18-0B15D3DD87A3","type":"i","value":0,"nodeType":"Int"},{"uuid":"0EB5E831-3987-4E0E-AB95-5589941F694D","type":"v3","x":0,"y":0,"z":0,"nodeType":"Vector3"},{"uuid":"E84094B0-00A4-49FD-ACDD-43FBEFC69571","type":"f","value":10,"nodeType":"Float"},{"uuid":"95F8F0C1-5D3D-481E-848A-CC9DAF4D665B","type":"f","value":50,"nodeType":"Float"},{"uuid":"71EB657E-3D6A-423B-BA17-ADB8206F0213","type":"f","value":1,"nodeType":"Float"},{"uuid":"9E45DC64-12F0-4A7E-9A01-90B718B78445","type":"f","value":1,"nodeType":"Float"},{"uuid":"C4546F90-FC99-412B-B0D3-96437338BB51","type":"i","value":0,"nodeType":"Int"},{"uuid":"92A08D5B-C14A-4C02-861E-7EA908DAFAAF","type":"i","value":4,"nodeType":"Int"},{"uuid":"2BFB5C93-7AD2-4001-B726-D6AE89EE44EA","type":"f","value":100,"nodeType":"Float"},{"uuid":"6A5CD771-12A2-4D92-ABA2-78F528E71CF3","type":"f","value":800,"nodeType":"Float"},{"uuid":"3EA1F499-AAC5-43BF-847E-D76494E16F11","type":"f","value":0,"nodeType":"Float"},{"uuid":"B755A5A9-79DD-4104-A360-C29F6F053F2C","type":"v3","x":0,"y":0,"z":0,"nodeType":"Vector3"},{"uuid":"38E887AF-FA58-4AFE-88B1-09D5BA4AE276","type":"c","r":0.5254901960784314,"g":0.5254901960784314,"b":0.5254901960784314,"value":8816262,"nodeType":"Color"},{"uuid":"69EAD696-F700-429B-8130-1F2C2055F027","type":"c","r":0,"g":0,"b":0,"value":0,"nodeType":"Color"},{"uuid":"3AEF5396-0E95-4F36-913F-74281DD00C10","type":"f","value":1,"nodeType":"Float"},{"uuid":"34846E22-FC1B-4ACC-B8BA-DBF2BA2B2DE3","type":"i","value":2,"nodeType":"Int"},{"uuid":"9716F59D-DD25-4918-A1DE-2C94F1B96874","type":"f","value":1,"nodeType":"Float"},{"uuid":"C136131E-3F1C-4747-B426-AE231092576C","type":"c","r":1,"g":1,"b":1,"value":16777215,"nodeType":"Color"},{"uuid":"819B0A8F-2F3E-46FB-927C-003DB328609C","type":"f","value":0.1,"nodeType":"Float"},{"uuid":"D587814B-C45E-42B5-AB3B-C02BC9FBB17A","type":"f","value":1,"nodeType":"Float"},{"uuid":"A86A5A05-6C15-4EC9-94DD-0A06D15DA827","type":"f","value":2,"nodeType":"Float"},{"uuid":"94CAD86B-5659-40E7-A455-113ECB93103C","type":"f","value":1,"nodeType":"Float"},{"uuid":"49CEAC26-BB06-4544-983E-372E14620860","type":"f","value":1,"nodeType":"Float"},{"uuid":"7DFD5EF1-E5DE-4FE2-A754-900085AD7820","type":"i","value":2,"nodeType":"Int"},{"uuid":"C4395415-070C-4578-A7B6-32793603259A","type":"c","r":0.8549019607843137,"g":0.8549019607843137,"b":0.8549019607843137,"value":14342874,"alpha":"F5045298-D4C8-4E68-8964-A39492798435","nodeType":"Color"},{"uuid":"F5045298-D4C8-4E68-8964-A39492798435","type":"f","value":1,"nodeType":"Float"},{"uuid":"8DC866E6-7ADA-43EE-84D7-2BAA8E145603","type":"f","value":1,"nodeType":"Float"},{"uuid":"CC32B0CF-8558-418F-9DCC-646FC2839E01","type":"i","value":0,"nodeType":"Int"},{"uuid":"84B175AC-EF9A-46DA-982D-F5DA73EFD3BA","type":"f","value":1,"nodeType":"Float"},{"uuid":"6F6E9D57-FB34-4F93-817E-41A4C6D739D4","type":"i","value":3,"nodeType":"Int"},{"uuid":"B764D4CA-B157-47F2-83A8-AA7ADB0F0265","type":"f","value":0.3,"nodeType":"Float"},{"uuid":"B93E1F43-3BB8-4738-AAC3-B4AE2A31CC03","type":"f","value":0.1,"nodeType":"Float"},{"uuid":"399444B0-8C21-4075-993E-3DE84D5C37BA","type":"f","value":0.1,"nodeType":"Float"},{"uuid":"3F28C06F-F11F-4842-95B6-8227DFB3A08A","type":"i","value":0,"nodeType":"Int"},{"uuid":"89E407E8-4E99-46FE-B7B8-B6CF4F016196","type":"v3","x":0,"y":0,"z":0,"nodeType":"Vector3"},{"uuid":"6D38F36E-A72B-462B-8535-8E8609590629","type":"f","value":10,"nodeType":"Float"},{"uuid":"7FB52410-7101-4480-A60E-F6E3C22B6382","type":"f","value":50,"nodeType":"Float"},{"uuid":"5BE4B64F-7E88-4AF2-9749-E43175DE81F8","type":"f","value":400,"nodeType":"Float"},{"uuid":"B1B56710-4CFD-4D4E-8EDA-FD19E47707A5","type":"f","value":1,"nodeType":"Float"},{"uuid":"F1D4F0C5-8542-4422-8570-5DA519703C8A","type":"i","value":0,"nodeType":"Int"},{"uuid":"F60E0454-1D31-4B50-9B0C-914A67E71EAE","type":"i","value":4,"nodeType":"Int"},{"uuid":"B7858638-7716-40AA-9503-3D596E219544","type":"f","value":100,"nodeType":"Float"},{"uuid":"6193E3AC-40C1-4648-92D4-8A8DF847FC39","type":"f","value":800,"nodeType":"Float"},{"uuid":"36C217AF-7029-4E2E-BB26-4F9CA51FFA61","type":"f","value":0,"nodeType":"Float"},{"uuid":"7A579840-5494-4D0B-897F-B6AEAD77FD72","type":"v3","x":0,"y":0,"z":0,"nodeType":"Vector3"},{"uuid":"3308A0C5-0485-4235-B5B4-67CA2460C0ED","type":"c","r":0.4627450980392157,"g":0.4627450980392157,"b":0.4627450980392157,"value":7763574,"nodeType":"Color"},{"uuid":"628AD516-BEB7-4024-B134-2B2AC8F2AB6A","type":"c","r":0,"g":0,"b":0,"value":0,"nodeType":"Color"},{"uuid":"A5161112-CC71-4B9E-B1C2-2A951FB2021B","type":"f","value":1,"nodeType":"Float"},{"uuid":"6146DDBE-339B-4B3F-BD54-F29F58AF5B0C","type":"i","value":2,"nodeType":"Int"},{"uuid":"54F07F4C-0C9F-4BEF-834D-D9029AF039A0","type":"f","value":1,"nodeType":"Float"},{"uuid":"97A12F58-6ECB-4907-A720-1E2CAF827F7C","type":"c","r":1,"g":1,"b":1,"value":16777215,"nodeType":"Color"},{"uuid":"C97A8234-72DA-4971-84C1-A5C72F6FAC21","type":"f","value":0.1,"nodeType":"Float"},{"uuid":"2DB5D970-6D2A-4C66-BC21-D8C847DB020D","type":"f","value":1,"nodeType":"Float"},{"uuid":"5174E8EC-3B8C-47FF-AECA-7324F8DE13A7","type":"f","value":2,"nodeType":"Float"},{"uuid":"86E3F040-E3F6-4B96-A7C3-214542F39572","type":"f","value":1,"nodeType":"Float"},{"uuid":"4C6FFD91-620C-41D2-817D-C1E280C49C70","type":"f","value":1,"nodeType":"Float"},{"uuid":"38C6C28E-0193-497E-B501-CA2A591B0AF9","type":"i","value":2,"nodeType":"Int"},{"uuid":"E91D8499-3C7F-4CEC-B64B-708E2DE16BF5","type":"c","r":0.8549019607843137,"g":0.8549019607843137,"b":0.8549019607843137,"value":14342874,"alpha":"3986C567-6BBD-4D27-B7AB-AADC21FAA0EA","nodeType":"Color"},{"uuid":"3986C567-6BBD-4D27-B7AB-AADC21FAA0EA","type":"f","value":1,"nodeType":"Float"},{"uuid":"2C0B0438-1CEB-416A-9947-8FFFAA829FC0","type":"i","value":0,"nodeType":"Int"},{"uuid":"C86769AA-6AD5-42EB-9E07-09EEAFE996DD","type":"f","value":1,"nodeType":"Float"},{"uuid":"B04305EB-5D88-4A18-9C7D-293DC261EFC4","type":"i","value":3,"nodeType":"Int"},{"uuid":"669303E6-1458-4E97-B52B-F0CA68BE4B69","type":"f","value":0.3,"nodeType":"Float"},{"uuid":"3DBE5EBD-C3F8-4DB6-8501-10A892858BD7","type":"f","value":0.1,"nodeType":"Float"},{"uuid":"F3B18C85-EB63-42A4-A841-039507A17DB5","type":"f","value":0.1,"nodeType":"Float"},{"uuid":"14403A2A-B1E0-44C6-8554-058FF70120B5","type":"i","value":0,"nodeType":"Int"},{"uuid":"291BCDAE-44B5-44B9-81F9-63F6377A1D54","type":"v3","x":0,"y":0,"z":0,"nodeType":"Vector3"},{"uuid":"2F877E3A-6D10-4A58-AB63-D09414E09AC6","type":"f","value":10,"nodeType":"Float"},{"uuid":"6D0C14C9-1E47-4891-AD74-C14E55B480F4","type":"f","value":50,"nodeType":"Float"},{"uuid":"B7696366-5D44-45BC-9BF0-47D41FC9AAE7","type":"f","value":1,"nodeType":"Float"},{"uuid":"7AB3A28E-E172-4219-A7A6-0CC3D9FC12B6","type":"f","value":1,"nodeType":"Float"},{"uuid":"FFA2990A-B1EB-4164-9CA4-E2408C934EE2","type":"i","value":0,"nodeType":"Int"},{"uuid":"4B4F1A07-179B-4B69-BE96-2A1160D5D5C8","type":"i","value":4,"nodeType":"Int"},{"uuid":"20B548B9-5A6A-4EF4-9341-66A43820C94C","type":"f","value":100,"nodeType":"Float"},{"uuid":"DC41C306-46E3-48E9-AEBF-FC38B6BD3C0A","type":"f","value":800,"nodeType":"Float"},{"uuid":"52316F9B-3FDB-440E-A2AE-5F846A068CBF","type":"f","value":0,"nodeType":"Float"},{"uuid":"3E2EC724-B5D3-4E41-BE31-E1DA84D52259","type":"f","value":1,"nodeType":"Float"},{"uuid":"27F81990-59D7-4465-ACE8-4EC3A384AEF4","type":"v3","x":0,"y":0,"z":0,"nodeType":"Vector3"},{"uuid":"8E339BF0-023C-4705-BBC3-54281E844422","type":"c","r":0.5254901960784314,"g":0.5254901960784314,"b":0.5254901960784314,"value":8816262,"nodeType":"Color"},{"uuid":"99A0CC46-7179-49DD-8AAD-0F3ED8FFCF0F","type":"c","r":0,"g":0,"b":0,"value":0,"nodeType":"Color"},{"uuid":"E64AA842-31A7-4DD4-9CC0-61D8E0EA787C","type":"f","value":1,"nodeType":"Float"},{"uuid":"EE211BA4-46A9-46E8-B0BB-05D470E71684","type":"i","value":2,"nodeType":"Int"},{"uuid":"1280715C-87B4-41B6-BDD4-5FF5E8998FB7","type":"c","r":1,"g":1,"b":1,"value":16777215,"nodeType":"Color"},{"uuid":"5936296E-9B79-4714-A88B-718E01D56F1B","type":"f","value":0.1,"nodeType":"Float"},{"uuid":"45A58237-CDE6-464A-8002-9B5DEAA151E2","type":"f","value":1,"nodeType":"Float"},{"uuid":"7FA43480-02D7-43E3-AD60-6C7540E451B6","type":"f","value":2,"nodeType":"Float"},{"uuid":"0A14F2C6-D329-479A-AA1A-2C492BB3CB45","type":"f","value":1,"nodeType":"Float"},{"uuid":"C820BB68-6356-4C1C-BF30-44F409B33A6C","type":"f","value":1,"nodeType":"Float"},{"uuid":"914E45D1-492E-4D98-9DF4-E627CCF22ED9","type":"i","value":2,"nodeType":"Int"},{"uuid":"91B618B2-1F62-4793-8F97-00E9F9CA8B06","type":"standard","position":"5CD062F7-EB2D-40C9-A4D7-1CCC1359678C","color":"E91D8499-3C7F-4CEC-B64B-708E2DE16BF5","roughness":"669303E6-1458-4E97-B52B-F0CA68BE4B69","metalness":"3DBE5EBD-C3F8-4DB6-8501-10A892858BD7","alpha":"97D6DAAF-C62F-499F-B57A-D16B8E6A57B3","reflectivity":"F3B18C85-EB63-42A4-A841-039507A17DB5","shadingAlpha":"C86769AA-6AD5-42EB-9E07-09EEAFE996DD","shadingBlend":"B04305EB-5D88-4A18-9C7D-293DC261EFC4","afterColor":"BADE396F-EB7D-465D-B45F-7CE8D641D05E","nodeType":"Standard"},{"uuid":"5CD062F7-EB2D-40C9-A4D7-1CCC1359678C","type":"v3","intensity":"6D0C14C9-1E47-4891-AD74-C14E55B480F4","scale":"2F877E3A-6D10-4A58-AB63-D09414E09AC6","movementOrTexture":"B7696366-5D44-45BC-9BF0-47D41FC9AAE7","cropOrOffset":"291BCDAE-44B5-44B9-81F9-63F6377A1D54","displacementTypeIndex":{"uuid":"14403A2A-B1E0-44C6-8554-058FF70120B5","type":"i","value":0,"nodeType":"Int"},"noiseFunctionIndex":{"uuid":"4B4F1A07-179B-4B69-BE96-2A1160D5D5C8","type":"i","value":4,"nodeType":"Int"},"nodeType":"VertexDisplacement"},{"uuid":"97D6DAAF-C62F-499F-B57A-D16B8E6A57B3","type":"f","value":1,"nodeType":"Float"},{"uuid":"BADE396F-EB7D-465D-B45F-7CE8D641D05E","type":"v3","a":"5A9D918F-4C40-4128-A414-1BF5348E4CC7","b":"9130D1B7-04AE-4C6C-B7BE-46A7327A73D2","alpha":"B2CA542C-4A8B-4D5B-9EBF-50B895D217A9","mode":"914E45D1-492E-4D98-9DF4-E627CCF22ED9","nodeType":"Blend"},{"uuid":"5A9D918F-4C40-4128-A414-1BF5348E4CC7","type":"v3","a":"3CC2E746-69EB-4D55-9FCF-3AA3EE1EE481","b":"C6A03644-9C60-4E1E-9DE7-CFF5EAFACC9E","alpha":"300C5F48-02E2-48CD-AC5F-EA33D5C3BE14","mode":"EE211BA4-46A9-46E8-B0BB-05D470E71684","nodeType":"Blend"},{"uuid":"3CC2E746-69EB-4D55-9FCF-3AA3EE1EE481","type":"f","src":"outgoingLight","isMethod":false,"useKeywords":true,"extensions":{},"keywords":{},"nodeType":"Expression"},{"uuid":"C6A03644-9C60-4E1E-9DE7-CFF5EAFACC9E","type":"v3","near":"20B548B9-5A6A-4EF4-9341-66A43820C94C","far":"DC41C306-46E3-48E9-AEBF-FC38B6BD3C0A","isVector":"52316F9B-3FDB-440E-A2AE-5F846A068CBF","isWorldSpace":"3E2EC724-B5D3-4E41-BE31-E1DA84D52259","origin":"27F81990-59D7-4465-ACE8-4EC3A384AEF4","colorA":"8E339BF0-023C-4705-BBC3-54281E844422","colorB":"99A0CC46-7179-49DD-8AAD-0F3ED8FFCF0F","alpha":"E64AA842-31A7-4DD4-9CC0-61D8E0EA787C","nodeType":"Depth"},{"uuid":"300C5F48-02E2-48CD-AC5F-EA33D5C3BE14","type":"f","src":"alpha / clamp(alpha + accumAlpha, 0.001, 1.0 )","isMethod":false,"useKeywords":true,"extensions":{},"keywords":{"alpha":"E64AA842-31A7-4DD4-9CC0-61D8E0EA787C"},"nodeType":"Expression"},{"uuid":"9130D1B7-04AE-4C6C-B7BE-46A7327A73D2","type":"v3","color":"1280715C-87B4-41B6-BDD4-5FF5E8998FB7","bias":"5936296E-9B79-4714-A88B-718E01D56F1B","scale":"45A58237-CDE6-464A-8002-9B5DEAA151E2","intensity":"7FA43480-02D7-43E3-AD60-6C7540E451B6","factor":"0A14F2C6-D329-479A-AA1A-2C492BB3CB45","alpha":"C820BB68-6356-4C1C-BF30-44F409B33A6C","mode":"914E45D1-492E-4D98-9DF4-E627CCF22ED9","calpha":"g9130D1B704AE4C6CB7BE46A7327A73D2_calpha","nodeType":"Fresnel"},{"uuid":"B2CA542C-4A8B-4D5B-9EBF-50B895D217A9","type":"f","src":"g9130D1B704AE4C6CB7BE46A7327A73D2_calpha","isMethod":false,"useKeywords":true,"extensions":{},"keywords":{},"nodeType":"Expression"}],"frames":{"currentId":"default-frame-id","coords":[0,0],"frames":{"default-frame-id":{"id":"default-frame-id","name":"Frame","preset":"crop","size":[800,800],"coords":[0,0],"editorScale":1,"backgroundColor":{"r":0,"g":0,"b":0,"a":0},"color":{"r":0,"g":0,"b":0,"a":0.5},"guides":true,"hasSceneScaling":false,"sceneScale":1}}},"assets":{"materials":{}},"needsTransmission":false,"editor":{"orbitControls":{"useKeyEvents":false,"enableDamping":true,"enablePan":false,"enableZoom":false,"enableRotate":true,"rotationLimitsMode":0,"rotationVerticalOffset":{"min":1.5707963267948966,"max":1.5707963267948966},"rotationHorizontalOffset":{"min":1.5707963267948966,"max":1.5707963267948966},"autoRotate":false,"autoRotateSpeed":2,"autoRotateClockwise":true},"helperState":true,"publish":{"type":2,"web":{"logo":true}},"settings":{"wireframe":false,"helpers":true}}}